{
    "SRATT": {
        "500_200": 0.04085358792544938,
        "500_250": 0.08620366164792732,
        "500_300": 0.022515952057814672,
        "500_350": 0.01166505334428638,
        "500_400": 0.015669033508336382,
        "500_450": 0.09894929103775511,
        "600_200": 0.03784265711232809,
        "600_250": 0.06913096284123793,
        "600_300": 0.007355343057826824,
        "600_350": 0.06172199559140832,
        "600_400": 0.007006668737991728,
        "600_450": 0.09589232453363275,
        "700_200": 0.06253169687228409,
        "700_250": 0.0035003329400353556,
        "700_300": 0.04772809704848116,
        "700_350": 0.018859316505523485,
        "700_400": 0.02479646412771982,
        "700_450": 0.0673716820482698,
        "800_200": 0.043636505089597225,
        "800_250": 0.07135799802446154,
        "800_300": 0.06534460470937047,
        "800_350": 0.08304816892063481,
        "800_400": 0.05899736121443088,
        "800_450": 0.023326149198003666,
        "900_200": 0.07940596694992696,
        "900_250": 0.034590736490676025,
        "900_300": 0.0839416196477519,
        "900_350": 0.015726925439603558,
        "900_400": 0.0014588434845492883,
        "900_450": 0.06467903893887852
    },
    "SRATW": {
        "500_200": 0.0994665480735883,
        "500_250": 0.01990469500760075,
        "500_300": 0.03401304864312761,
        "500_350": 0.060672701684164644,
        "500_400": 0.04332342577033789,
        "500_450": 0.06230878269221285,
        "600_200": 0.017944021472715434,
        "600_250": 0.08355548903748157,
        "600_300": 0.02936985486823931,
        "600_350": 0.027204909231091836,
        "600_400": 0.027391238643523975,
        "600_450": 0.06264753094183798,
        "700_200": 0.08406243993270748,
        "700_250": 0.027937388035017975,
        "700_300": 0.026256418208465818,
        "700_350": 0.05122345369389032,
        "700_400": 0.05996955136202538,
        "700_450": 0.0487651095281648,
        "800_200": 0.02998793155041477,
        "800_250": 0.05471050358015215,
        "800_300": 0.00727732652231824,
        "800_350": 0.09434867362106375,
        "800_400": 0.007436010931248716,
        "800_450": 0.06509970750302095,
        "900_200": 0.008422721381517872,
        "900_250": 0.07706955830267419,
        "900_300": 0.05334138833221768,
        "900_350": 0.0243132286032023,
        "900_400": 0.056005635475906035,
        "900_450": 0.02717220102562641
    }
}